,Song,Performer,id
0,Poor Little Fool,Ricky Nelson,5ayybTSXNwcarDtxQKqvWX
3,Do I Make You Proud,Taylor Hicks,2jv9Ppwz9u3lqWfXV0q2sW
4,3,Britney Spears,6pymOcrCnMuCWdgGVTvUgP
5,Born This Way,Lady Gaga,6r2BECwMgEoRb5yLfp0Hca
6,Part Of Me,Katy Perry,1nZzRJbFvCEct3uzu04ZoL
7,Shake It Off,Taylor Swift,5xTtaWoae3wi06K5WfVUUH
8,Pillowtalk,Zayn,0PDUDa38GO8lMxLCRc4lL1
10,Shape Of You,Ed Sheeran,7qiZfU4dY1lWllzX7mPBI3
11,"Thank U, Next",Ariana Grande,3e9HZxeyfWwjeyPAMmWSSQ
12,7 Rings,Ariana Grande,6ocbgoVGwYJhOv1GgI9NsF
13,Sucker,Jonas Brothers,22vgEDb5hykfaTwLuskFGD
15,Always Be My Baby,Mariah Carey,2aBxt229cbLDOvtL7Xbb9x
16,Tha Crossroads,Bone Thugs-N-Harmony,5KSJ9k1FYjFLnIRlJT2wF8
17,4 Seasons Of Loneliness,Boyz II Men,027tq4cWr0kRxLTfdxvM1L
18,Crush,David Archuleta,4wCD0qOFNRu1Q6O3N6ycm4
19,Party In The U.S.A.,Miley Cyrus,5Q0Nhxo0l2bP3pNjpGJwV1
